﻿operator_id;operator_name;szenario_id;verbrauch_mwh;leistung_kw;spannung;arbeitskosten_ht_2025;leistungskosten_2025;grundkosten_2025;messkosten_2025;umlage_17_2025;umlage_19_2025;kwkg_2025;konzessionsabgabe_2025;arbeitskosten_ht_2026;leistungskosten_2026;grundkosten_2026;messkosten_2026;umlage_17_2026;umlage_19_2026;kwkg_2026;konzessionsabgabe_2026
A01;Albstadtwerke GmbH;S1;1000;550;NSP;85700;0;90;14.33;8160;15580;2770;15900;65400;0;90;14.33;9410;15590;4460;15900
A01;Albstadtwerke GmbH;S2;5000;1500;NSP;428500;0;90;14.33;40800;17580;13850;79500;327000;0;90;14.33;47050;17590;22300;79500
A01;Albstadtwerke GmbH;S3;20000;7000;NSP;1714000;0;90;14.33;163200;25080;55400;318000;1308000;0;90;14.33;188200;25090;89200;318000
A01;Albstadtwerke GmbH;S4;50000;25000;NSP;4285000;0;90;14.33;408000;40080;138500;795000;3270000;0;90;14.33;470500;40090;223000;795000
A02;Avacon Netz GmbH;S1;1000;550;MSP;70100;15004;0;442.41;8160;15580;2770;1100;49400;8178.5;0;442.41;9410;15590;4460;1100
A02;Avacon Netz GmbH;S2;5000;1500;MSP;58500;259965;0;442.41;40800;17580;13850;5500;40000;177615;0;442.41;47050;17590;22300;5500
A02;Avacon Netz GmbH;S3;20000;7000;MSP;234000;1213170;0;442.41;163200;25080;55400;22000;160000;828870;0;442.41;188200;25090;89200;22000
A02;Avacon Netz GmbH;S4;50000;25000;MSP;3505000;682000;0;442.41;408000;40080;138500;55000;2470000;371750;0;442.41;470500;40090;223000;55000
A03;AVU Netz GmbH;S1;1000;550;MSP;94900;8547;0;579.5;8160;15580;2770;1100;57200;5142.5;0;579.5;9410;15590;4460;1100
A03;AVU Netz GmbH;S1;1000;550;NSP;98500.01;0;70;14.55;8160;15580;2770;15900;67100;0;70;14.55;9410;15590;4460;15900
A03;AVU Netz GmbH;S2;5000;1500;MSP;46500;344520;0;579.5;40800;17580;13850;5500;28000;207495;0;579.5;47050;17590;22300;5500
A03;AVU Netz GmbH;S2;5000;1500;NSP;492500;0;70;14.55;40800;17580;13850;79500;335500;0;70;14.55;47050;17590;22300;79500
A03;AVU Netz GmbH;S3;20000;7000;MSP;186000;1607760;0;579.5;163200;25080;55400;22000;112000;968310;0;579.5;188200;25090;89200;22000
A03;AVU Netz GmbH;S3;20000;7000;NSP;1970000;0;70;14.55;163200;25080;55400;318000;1342000;0;70;14.55;188200;25090;89200;318000
A03;AVU Netz GmbH;S4;50000;25000;MSP;4745000;388500;0;579.5;408000;40080;138500;55000;2860000;233750;0;579.5;470500;40090;223000;55000
A03;AVU Netz GmbH;S4;50000;25000;NSP;4925000;0;70;14.55;408000;40080;138500;795000;3355000;0;70;14.55;470500;40090;223000;795000
A04;badenovaNetze GmbH;S1;1000;550;MSP;83200;25025;0;548.41;8160;15580;2770;1100;72100;22335.5;0;548.41;9410;15590;4460;1100
A04;badenovaNetze GmbH;S2;5000;1500;MSP;111000;296955;0;548.41;40800;17580;13850;5500;94000;260850;0;548.41;47050;17590;22300;5500
A04;badenovaNetze GmbH;S3;20000;7000;MSP;444000;1385790;0;548.41;163200;25080;55400;22000;376000;1217300;0;548.41;188200;25090;89200;22000
A04;badenovaNetze GmbH;S4;50000;25000;MSP;4160000;1137500;0;548.41;408000;40080;138500;55000;3605000;1015250;0;548.41;470500;40090;223000;55000
A05;Bayernwerk Netz GmbH;S1;1000;550;MSP;70000;13194.5;0;600.88;8160;15580;2770;1100;40100;8723;0;600.88;9410;15590;4460;1100
A05;Bayernwerk Netz GmbH;S1;1000;550;NSP;73500;0;98.55;10.45;8160;15580;2770;15900;47200;0;98.55;10.45;9410;15590;4460;15900
A05;Bayernwerk Netz GmbH;S2;5000;1500;MSP;32500;274185;0;600.88;40800;17580;13850;5500;34000;148755;0;600.88;47050;17590;22300;5500
A05;Bayernwerk Netz GmbH;S2;5000;1500;NSP;367500;0;98.55;10.45;40800;17580;13850;79500;236000;0;98.55;10.45;47050;17590;22300;79500
A05;Bayernwerk Netz GmbH;S3;20000;7000;MSP;130000;1279530;0;600.88;163200;25080;55400;22000;136000;694190;0;600.88;188200;25090;89200;22000
A05;Bayernwerk Netz GmbH;S3;20000;7000;NSP;1470000;0;98.55;10.45;163200;25080;55400;318000;944000;0;98.55;10.45;188200;25090;89200;318000
A05;Bayernwerk Netz GmbH;S4;50000;25000;MSP;3500000;599750;0;600.88;408000;40080;138500;55000;2005000;396500;0;600.88;470500;40090;223000;55000
A05;Bayernwerk Netz GmbH;S4;50000;25000;NSP;3675000;0;98.55;10.45;408000;40080;138500;795000;2360000;0;98.55;10.45;470500;40090;223000;795000
A06;BIGGE ENERGIE GmbH & Co. KG;S1;1000;550;MSP;73800;10417;0;721.01;8160;15580;2770;1100;58200;7051;0;721.01;9410;15590;4460;1100
A06;BIGGE ENERGIE GmbH & Co. KG;S2;5000;1500;MSP;54000;264660;0;721.01;40800;17580;13850;5500;36000;210180;0;721.01;47050;17590;22300;5500
A06;BIGGE ENERGIE GmbH & Co. KG;S3;20000;7000;MSP;216000;1235080;0;721.01;163200;25080;55400;22000;144000;980840;0;721.01;188200;25090;89200;22000
A06;BIGGE ENERGIE GmbH & Co. KG;S4;50000;25000;MSP;3690000;473500;0;721.01;408000;40080;138500;55000;2910000;320500;0;721.01;470500;40090;223000;55000
A07;Bocholter Energie- und Wasserversorgung GmbH;S1;1000;550;MSP;98100;11407;0;438.17;8160;15580;2770;1100;81000;9416;0;438.17;9410;15590;4460;1100
A07;Bocholter Energie- und Wasserversorgung GmbH;S2;5000;1500;MSP;63500;351510;0;438.17;40800;17580;13850;5500;52500;290025;0;438.17;47050;17590;22300;5500
A07;Bocholter Energie- und Wasserversorgung GmbH;S3;20000;7000;MSP;254000;1640380;0;438.17;163200;25080;55400;22000;210000;1353450;0;438.17;188200;25090;89200;22000
A07;Bocholter Energie- und Wasserversorgung GmbH;S4;50000;25000;MSP;4905000;518500;0;438.17;408000;40080;138500;55000;4050000;428000;0;438.17;470500;40090;223000;55000
A08;Dortmunder Netz GmbH;S1;1000;550;MSP;76600;14613.5;0;734.37;8160;15580;2770;1100;52600;10147.5;0;784.37;9410;15590;4460;1100
A08;Dortmunder Netz GmbH;S2;5000;1500;MSP;108500;245595;0;734.37;40800;17580;13850;5500;77000;167190;0;784.37;47050;17590;22300;5500
A08;Dortmunder Netz GmbH;S3;20000;7000;MSP;434000;1146110;0;734.37;163200;25080;55400;22000;308000;780220;0;784.37;188200;25090;89200;22000
A08;Dortmunder Netz GmbH;S4;50000;25000;MSP;3830000;664250;0;734.37;408000;40080;138500;55000;2630000;461250;0;784.37;470500;40090;223000;55000
A09;E.DIS Netz GmbH;S1;1000;550;MSP;33100;21455.5;0;535.32;8160;15580;2770;1100;25100;12947;0;535.32;9410;15590;4460;1100
A09;E.DIS Netz GmbH;S2;5000;1500;MSP;110500;99975;0;535.32;40800;17580;13850;5500;56500;87165;0;535.32;47050;17590;22300;5500
A09;E.DIS Netz GmbH;S3;20000;7000;MSP;442000;466550;0;535.32;163200;25080;55400;22000;226000;406770;0;535.32;188200;25090;89200;22000
A09;E.DIS Netz GmbH;S4;50000;25000;MSP;1655000;975250;0;535.32;408000;40080;138500;55000;1255000;588500;0;535.32;470500;40090;223000;55000
A10;EAM Netz GmbH;S1;1000;550;MSP;64600;19536;0;435.6;8160;15580;2770;1100;40200;11484;0;435.6;9410;15590;4460;1100
A10;EAM Netz GmbH;S2;5000;1500;MSP;31500;271800;0;435.6;40800;17580;13850;5500;14500;171180;0;435.6;47050;17590;22300;5500
A10;EAM Netz GmbH;S3;20000;7000;MSP;126000;1268400;0;435.6;163200;25080;55400;22000;58000;798840;0;435.6;188200;25090;89200;22000
A10;EAM Netz GmbH;S4;50000;25000;MSP;3230000;888000;0;435.6;408000;40080;138500;55000;2010000;522000;0;435.6;470500;40090;223000;55000
A11;EGC Energie- und Gebäudetechnik Control GmbH & Co. KG;S1;1000;550;NSP;109900;0;95;13.78;8160;15580;2770;23900;97100;0;95;13.78;9410;15590;4460;23900
A11;EGC Energie- und Gebäudetechnik Control GmbH & Co. KG;S2;5000;1500;NSP;549500;0;95;13.78;40800;17580;13850;119500;485500;0;95;13.78;47050;17590;22300;119500
A11;EGC Energie- und Gebäudetechnik Control GmbH & Co. KG;S3;20000;7000;NSP;2198000;0;95;13.78;163200;25080;55400;478000;1942000;0;95;13.78;188200;25090;89200;478000
A11;EGC Energie- und Gebäudetechnik Control GmbH & Co. KG;S4;50000;25000;NSP;5495000;0;95;13.78;408000;40080;138500;1195000;4855000;0;95;13.78;470500;40090;223000;1195000
A12;ELE Verteilnetz GmbH;S1;1000;550;MSP;83200;6446;0;579.62;8160;15580;2770;1100;58900;2447.5;0;532.69;9410;15590;4460;1100
A12;ELE Verteilnetz GmbH;S2;5000;1500;MSP;58000;286080;0;579.62;40800;17580;13850;5500;39000;198300;0;532.69;47050;17590;22300;5500
A12;ELE Verteilnetz GmbH;S3;20000;7000;MSP;232000;1335040;0;579.62;163200;25080;55400;22000;156000;925400;0;532.69;188200;25090;89200;22000
A12;ELE Verteilnetz GmbH;S4;50000;25000;MSP;4160000;293000;0;579.62;408000;40080;138500;55000;2945000;111250;0;532.69;470500;40090;223000;55000
A13;Elektrizitätswerk Simbach GmbH;S1;1000;550;MSP;94300;13145;0;695;8160;15580;2770;1100;60900;8552.5;0;695;9410;15590;4460;1100
A13;Elektrizitätswerk Simbach GmbH;S2;5000;1500;MSP;65500;340200;0;695;40800;17580;13850;5500;43500;218955;0;695;47050;17590;22300;5500
A13;Elektrizitätswerk Simbach GmbH;S3;20000;7000;MSP;262000;1587600;0;695;163200;25080;55400;22000;174000;1021790;0;695;188200;25090;89200;22000
A13;Elektrizitätswerk Simbach GmbH;S4;50000;25000;MSP;4715000;597500;0;695;408000;40080;138500;55000;3045000;388750;0;695;470500;40090;223000;55000
A14;ENA Energienetze Apolda GmbH;S1;1000;550;MSP;63800;11693;0;653.83;8160;15580;2770;1100;54000;9146.5;0;653.83;9410;15590;4460;1100
A14;ENA Energienetze Apolda GmbH;S2;5000;1500;MSP;68000;220005;0;653.83;40800;17580;13850;5500;45000;193485;0;653.83;47050;17590;22300;5500
A14;ENA Energienetze Apolda GmbH;S3;20000;7000;MSP;272000;1026690;0;653.83;163200;25080;55400;22000;180000;902930;0;653.83;188200;25090;89200;22000
A14;ENA Energienetze Apolda GmbH;S4;50000;25000;MSP;3190000;531500;0;653.83;408000;40080;138500;55000;2700000;415750;0;653.83;470500;40090;223000;55000
A15;enercity GridPartner GmbH;S1;1000;550;MSP;82800;7265.5;0;1151.9;8160;15580;2770;1100;70000;6143.5;0;1131;9410;15590;4460;1100
A15;enercity GridPartner GmbH;S2;5000;1500;MSP;94500;259155;0;1151.9;40800;17580;13850;5500;80000;219150;0;1131;47050;17590;22300;5500
A15;enercity GridPartner GmbH;S3;20000;7000;MSP;378000;1209390;0;1151.9;163200;25080;55400;22000;320000;1022700;0;1131;188200;25090;89200;22000
A15;enercity GridPartner GmbH;S4;50000;25000;MSP;4140000;330250;0;1151.9;408000;40080;138500;55000;3500000;279250;0;1131;470500;40090;223000;55000
A16;enercity Netz GmbH;S1;1000;550;NSP;88700;0;53;12.68;8160;15580;2770;1100;85400;0;53;12.34;9410;15590;4460;1100
A16;enercity Netz GmbH;S2;5000;1500;NSP;443500;0;53;12.68;40800;17580;13850;5500;427000;0;53;12.34;47050;17590;22300;5500
A16;enercity Netz GmbH;S3;20000;7000;NSP;1774000;0;53;12.68;163200;25080;55400;22000;1708000;0;53;12.34;188200;25090;89200;22000
A16;enercity Netz GmbH;S4;50000;25000;NSP;4435000;0;53;12.68;408000;40080;138500;55000;4270000;0;53;12.34;470500;40090;223000;55000
A17;Energie- und Wasserversorgung Hamm GmbH;S1;1000;550;MSP;65400;12941.5;0;643.4;8160;15580;2770;1100;44800;8673.5;0;643.4;9410;15590;4460;1100
A17;Energie- und Wasserversorgung Hamm GmbH;S2;5000;1500;MSP;37500;252420;0;643.4;40800;17580;13850;5500;24000;173655;0;643.4;47050;17590;22300;5500
A17;Energie- und Wasserversorgung Hamm GmbH;S3;20000;7000;MSP;150000;1177960;0;643.4;163200;25080;55400;22000;96000;810390;0;643.4;188200;25090;89200;22000
A17;Energie- und Wasserversorgung Hamm GmbH;S4;50000;25000;MSP;3270000;588250;0;643.4;408000;40080;138500;55000;2240000;394250;0;643.4;470500;40090;223000;55000
A18;Energienetze Berlin GmbH;S1;1000;550;NSP;90700;0;31.95;10.22;8160;15580;2770;23900;75800;0;31.95;11.44;9410;15590;4460;23900
A18;Energienetze Berlin GmbH;S2;5000;1500;NSP;453500;0;31.95;10.22;40800;17580;13850;119500;379000;0;31.95;11.44;47050;17590;22300;119500
A18;Energienetze Berlin GmbH;S3;20000;7000;NSP;1814000;0;31.95;10.22;163200;25080;55400;478000;1516000;0;31.95;11.44;188200;25090;89200;478000
A18;Energienetze Berlin GmbH;S4;50000;25000;NSP;4535000;0;31.95;10.22;408000;40080;138500;1195000;3790000;0;31.95;11.44;470500;40090;223000;1195000
A19;Energienetze Mittelrhein GmbH & Co. KG;S1;1000;550;NSP;83500;0;80.3;10.47;8160;15580;2770;13200;63900;0;80.3;11.43;9410;15590;4460;13200
A19;Energienetze Mittelrhein GmbH & Co. KG;S1;1000;550;MSP;75700;11907.5;0;563.54;8160;15580;2770;1100;57300;7502;0;618.19;9410;15590;4460;1100
A19;Energienetze Mittelrhein GmbH & Co. KG;S2;5000;1500;NSP;417500.01;0;80.3;10.47;40800;17580;13850;66000;319500;0;80.3;11.43;47050;17590;22300;66000
A19;Energienetze Mittelrhein GmbH & Co. KG;S2;5000;1500;MSP;71500;262500;0;563.54;40800;17580;13850;5500;26000;215985;0;618.19;47050;17590;22300;5500
A19;Energienetze Mittelrhein GmbH & Co. KG;S3;20000;7000;NSP;1670000;0;80.3;10.47;163200;25080;55400;264000;1278000;0;80.3;11.43;188200;25090;89200;264000
A19;Energienetze Mittelrhein GmbH & Co. KG;S3;20000;7000;MSP;286000;1225000;0;563.54;163200;25080;55400;22000;104000;1007930;0;618.19;188200;25090;89200;22000
A19;Energienetze Mittelrhein GmbH & Co. KG;S4;50000;25000;NSP;4175000;0;80.3;10.47;408000;40080;138500;660000;3195000;0;80.3;11.43;470500;40090;223000;660000
A19;Energienetze Mittelrhein GmbH & Co. KG;S4;50000;25000;MSP;3785000;541250;0;563.54;408000;40080;138500;55000;2865000;341000;0;618.19;470500;40090;223000;55000
A20;Energieversorgung Selb-Marktredwitz GmbH;S1;1000;550;MSP;62700;20795.5;0;610;8160;15580;2770;1100;58100;10527;0;610;9410;15590;4460;1100
A20;Energieversorgung Selb-Marktredwitz GmbH;S2;5000;1500;MSP;46000;257310;0;610;40800;17580;13850;5500;21500;230595;0;610;47050;17590;22300;5500
A20;Energieversorgung Selb-Marktredwitz GmbH;S3;20000;7000;MSP;184000;1200780;0;610;163200;25080;55400;22000;86000;1076110;0;610;188200;25090;89200;22000
A20;Energieversorgung Selb-Marktredwitz GmbH;S4;50000;25000;MSP;3135000;945250;0;610;408000;40080;138500;55000;2905000;478500;0;610;470500;40090;223000;55000
A21;Enervie Vernetzt GmbH;S1;1000;550;MSP;66200;24821.5;0;399.4;8160;15580;2770;1100;55200;13651;0;420.83;9410;15590;4460;1100
A21;Enervie Vernetzt GmbH;S2;5000;1500;MSP;72000;261855;0;399.4;40800;17580;13850;5500;35000;217875;0;420.83;47050;17590;22300;5500
A21;Enervie Vernetzt GmbH;S3;20000;7000;MSP;288000;1221990;0;399.4;163200;25080;55400;22000;140000;1016750;0;420.83;188200;25090;89200;22000
A21;Enervie Vernetzt GmbH;S4;50000;25000;MSP;3310000;1128250;0;399.4;408000;40080;138500;55000;2760000;620500;0;420.83;470500;40090;223000;55000
A22;EWE NETZ GmbH;S1;1000;550;MSP;41000;9306;0;737.28;8160;15580;2770;1100;31000;6319.5;0;736.2;9410;15590;4460;1100
A22;EWE NETZ GmbH;S2;5000;1500;MSP;73500;124140;0;737.28;40800;17580;13850;5500;43500;100860;0;736.2;47050;17590;22300;5500
A22;EWE NETZ GmbH;S3;20000;7000;MSP;294000;579320;0;737.28;163200;25080;55400;22000;174000;470680;0;736.2;188200;25090;89200;22000
A22;EWE NETZ GmbH;S4;50000;25000;MSP;2050000;423000;0;737.28;408000;40080;138500;55000;1550000;287250;0;736.2;470500;40090;223000;55000
A23;Feuchter Gemeindewerke GmbH;S1;1000;550;NSP;81100;0;76;15.2;8160;15580;2770;13200;86600;0;76;15.2;9410;15590;4460;13200
A23;Feuchter Gemeindewerke GmbH;S2;5000;1500;NSP;405500;0;76;15.2;40800;17580;13850;66000;433000;0;76;15.2;47050;17590;22300;66000
A23;Feuchter Gemeindewerke GmbH;S3;20000;7000;NSP;1622000;0;76;15.2;163200;25080;55400;264000;1732000;0;76;15.2;188200;25090;89200;264000
A23;Feuchter Gemeindewerke GmbH;S4;50000;25000;NSP;4055000;0;76;15.2;408000;40080;138500;660000;4330000;0;76;15.2;470500;40090;223000;660000
A24;Hamburger Energienetze GmbH;S1;1000;550;NSP;121100;0;72;13.51;8160;15580;2770;23900;97000;0;72;13.58;9410;15590;4460;23900
A24;Hamburger Energienetze GmbH;S1;1000;550;MSP;45600;24667.5;0;436.16;8160;15580;2770;1100;31500;17215;0;438.44;9410;15590;4460;1100
A24;Hamburger Energienetze GmbH;S2;5000;1500;NSP;605500;0;72;13.51;40800;17580;13850;119500;485000;0;72;13.58;47050;17590;22300;119500
A24;Hamburger Energienetze GmbH;S2;5000;1500;MSP;184500;99855;0;436.16;40800;17580;13850;5500;129500;67695;0;438.44;47050;17590;22300;5500
A24;Hamburger Energienetze GmbH;S3;20000;7000;NSP;2422000;0;72;13.51;163200;25080;55400;478000;1940000;0;72;13.58;188200;25090;89200;478000
A24;Hamburger Energienetze GmbH;S3;20000;7000;MSP;738000;465990;0;436.16;163200;25080;55400;22000;518000;315910;0;438.44;188200;25090;89200;22000
A24;Hamburger Energienetze GmbH;S4;50000;25000;NSP;6055000;0;72;13.51;408000;40080;138500;1195000;4850000;0;72;13.58;470500;40090;223000;1195000
A24;Hamburger Energienetze GmbH;S4;50000;25000;MSP;2280000;1121250;0;436.16;408000;40080;138500;55000;1575000;782500;0;438.44;470500;40090;223000;55000
A25;Hanau Netz GmbH;S1;1000;550;MSP;62100;16417.5;0;761.9;8160;15580;2770;1100;38300;12259.5;0;776.94;9410;15590;4460;1100
A25;Hanau Netz GmbH;S2;5000;1500;MSP;90500;209670;0;761.9;40800;17580;13850;5500;84000;114165;0;776.94;47050;17590;22300;5500
A25;Hanau Netz GmbH;S3;20000;7000;MSP;362000;978460;0;761.9;163200;25080;55400;22000;336000;532770;0;776.94;188200;25090;89200;22000
A25;Hanau Netz GmbH;S4;50000;25000;MSP;3105000;746250;0;761.9;408000;40080;138500;55000;1915000;557250;0;776.94;470500;40090;223000;55000
A26;HEWA GmbH;S1;1000;550;MSP;96900;12512.5;0;1301.32;8160;15580;2770;1100;83900;12067;0;1301.32;9410;15590;4460;1100
A26;HEWA GmbH;S1;1000;550;NSP;110100;0;72;20;8160;15580;2770;13200;109300;0;72;20;9410;15590;4460;13200
A26;HEWA GmbH;S2;5000;1500;MSP;15500;385905;0;1301.32;40800;17580;13850;5500;34000;321795;0;1301.32;47050;17590;22300;5500
A26;HEWA GmbH;S2;5000;1500;NSP;550500;0;72;20;40800;17580;13850;66000;546500;0;72;20;47050;17590;22300;66000
A26;HEWA GmbH;S3;20000;7000;MSP;62000;1800890;0;1301.32;163200;25080;55400;22000;136000;1501710;0;1301.32;188200;25090;89200;22000
A26;HEWA GmbH;S3;20000;7000;NSP;2202000;0;72;20;163200;25080;55400;264000;2186000;0;72;20;188200;25090;89200;264000
A26;HEWA GmbH;S4;50000;25000;MSP;4845000;568750;0;1301.32;408000;40080;138500;55000;4195000;548500;0;1301.32;470500;40090;223000;55000
A26;HEWA GmbH;S4;50000;25000;NSP;5505000;0;72;20;408000;40080;138500;660000;5465000;0;72;20;470500;40090;223000;660000
A27;infra fürth GmbH;S1;1000;550;MSP;73000;12298;0;714;8160;15580;2770;1100;54000;9520.5;0;714;9410;15590;4460;1100
A27;infra fürth GmbH;S2;5000;1500;MSP;22500;290310;0;714;40800;17580;13850;5500;16500;216030;0;714;47050;17590;22300;5500
A27;infra fürth GmbH;S3;20000;7000;MSP;90000;1354780;0;714;163200;25080;55400;22000;66000;1008140;0;714;188200;25090;89200;22000
A27;infra fürth GmbH;S4;50000;25000;MSP;3650000;559000;0;714;408000;40080;138500;55000;2700000;432750;0;714;470500;40090;223000;55000
A28;LEW Verteilnetz GmbH;S1;1000;550;MSP;55700;4779.5;0;431.34;8160;15580;2770;1100;40000;3597;0;431.34;9410;15590;4460;1100
A28;LEW Verteilnetz GmbH;S2;5000;1500;MSP;40000;191940;0;431.34;40800;17580;13850;5500;33500;134745;0;431.34;47050;17590;22300;5500
A28;LEW Verteilnetz GmbH;S3;20000;7000;MSP;160000;895720;0;431.34;163200;25080;55400;22000;134000;628810;0;431.34;188200;25090;89200;22000
A28;LEW Verteilnetz GmbH;S4;50000;25000;MSP;2785000;217250;0;431.34;408000;40080;138500;55000;2000000;163500;0;431.34;470500;40090;223000;55000
A29;Mainzer Netze GmbH;S1;1000;550;MSP;76600;13348.5;0;1039;8160;15580;2770;1100;49100;8475.5;0;1039;9410;15590;4460;1100
A29;Mainzer Netze GmbH;S2;5000;1500;MSP;22000;307155;0;1039;40800;17580;13850;5500;13500;197115;0;1039;47050;17590;22300;5500
A29;Mainzer Netze GmbH;S3;20000;7000;MSP;88000;1433390;0;1039;163200;25080;55400;22000;54000;919870;0;1039;188200;25090;89200;22000
A29;Mainzer Netze GmbH;S4;50000;25000;MSP;3830000;606750;0;1039;408000;40080;138500;55000;2455000;385250;0;1039;470500;40090;223000;55000
A30;Mitteldeutsche Netzgesellschaft Strom mbH;S1;1000;550;NSP;75200;0;73;7.84;8160;15580;2770;13200;63100;0;73;7.84;9410;15590;4460;13200
A30;Mitteldeutsche Netzgesellschaft Strom mbH;S1;1000;550;MSP;45600;24387;0;465;8160;15580;2770;1100;39200;19178.5;0;465;9410;15590;4460;1100
A30;Mitteldeutsche Netzgesellschaft Strom mbH;S2;5000;1500;NSP;376000;0;73;7.84;40800;17580;13850;66000;315500;0;73;7.84;47050;17590;22300;66000
A30;Mitteldeutsche Netzgesellschaft Strom mbH;S2;5000;1500;MSP;51000;199260;0;465;40800;17580;13850;5500;33500;174180;0;465;47050;17590;22300;5500
A30;Mitteldeutsche Netzgesellschaft Strom mbH;S3;20000;7000;NSP;1504000;0;73;7.84;163200;25080;55400;264000;1262000;0;73;7.84;188200;25090;89200;264000
A30;Mitteldeutsche Netzgesellschaft Strom mbH;S3;20000;7000;MSP;204000;929880;0;465;163200;25080;55400;22000;134000;812840;0;465;188200;25090;89200;22000
A30;Mitteldeutsche Netzgesellschaft Strom mbH;S4;50000;25000;NSP;3760000;0;73;7.84;408000;40080;138500;660000;3155000;0;73;7.84;470500;40090;223000;660000
A30;Mitteldeutsche Netzgesellschaft Strom mbH;S4;50000;25000;MSP;2280000;1108500;0;465;408000;40080;138500;55000;1960000;871750;0;465;470500;40090;223000;55000
A31;Mittelhessen Netz GmbH;S1;1000;550;MSP;54000;14404.5;0;600;8160;15580;2770;1100;43100;9575.5;0;600;9410;15590;4460;1100
A31;Mittelhessen Netz GmbH;S2;5000;1500;MSP;80500;181650;0;600;40800;17580;13850;5500;39000;158670;0;600;47050;17590;22300;5500
A31;Mittelhessen Netz GmbH;S3;20000;7000;MSP;322000;847700;0;600;163200;25080;55400;22000;156000;740460;0;600;188200;25090;89200;22000
A31;Mittelhessen Netz GmbH;S4;50000;25000;MSP;2700000;654750;0;600;408000;40080;138500;55000;2155000;435250;0;600;470500;40090;223000;55000
A32;N-ERGIE NETZ GmbH;S1;1000;550;NSP;63800;0;75;17.32;8160;15580;2770;23900;59600;0;95;17.32;9410;15590;4460;23900
A32;N-ERGIE NETZ GmbH;S1;1000;550;MSP;70300;13821.5;0;682.13;8160;15580;2770;1100;66700;13112;0;682.13;9410;15590;4460;1100
A32;N-ERGIE NETZ GmbH;S2;5000;1500;NSP;319000;0;75;17.32;40800;17580;13850;119500;298000;0;95;17.32;47050;17590;22300;119500
A32;N-ERGIE NETZ GmbH;S2;5000;1500;MSP;40500;270915;0;682.13;40800;17580;13850;5500;38500;256995;0;682.13;47050;17590;22300;5500
A32;N-ERGIE NETZ GmbH;S3;20000;7000;NSP;1276000;0;75;17.32;163200;25080;55400;478000;1192000;0;95;17.32;188200;25090;89200;478000
A32;N-ERGIE NETZ GmbH;S3;20000;7000;MSP;162000;1264270;0;682.13;163200;25080;55400;22000;154000;1199310;0;682.13;188200;25090;89200;22000
A32;N-ERGIE NETZ GmbH;S4;50000;25000;NSP;3190000;0;75;17.32;408000;40080;138500;1195000;2980000;0;95;17.32;470500;40090;223000;1195000
A32;N-ERGIE NETZ GmbH;S4;50000;25000;MSP;3515000;628250;0;682.13;408000;40080;138500;55000;3335000;596000;0;682.13;470500;40090;223000;55000
A33;Netz Leipzig GmbH;S1;1000;550;NSP;56500.01;0;75;11.21;8160;15580;2770;23900;42900;0;75;11.21;9410;15590;4460;23900
A33;Netz Leipzig GmbH;S1;1000;550;MSP;64600;8277.5;0;484.83;8160;15580;2770;1100;51900;6688;0;484.83;9410;15590;4460;1100
A33;Netz Leipzig GmbH;S2;5000;1500;NSP;282500;0;75;11.21;40800;17580;13850;119500;214500;0;75;11.21;47050;17590;22300;119500
A33;Netz Leipzig GmbH;S2;5000;1500;MSP;99500;190530;0;484.83;40800;17580;13850;5500;81000;152430;0;484.83;47050;17590;22300;5500
A33;Netz Leipzig GmbH;S3;20000;7000;NSP;1130000;0;75;11.21;163200;25080;55400;478000;858000;0;75;11.21;188200;25090;89200;478000
A33;Netz Leipzig GmbH;S3;20000;7000;MSP;398000;889140;0;484.83;163200;25080;55400;22000;324000;711340;0;484.83;188200;25090;89200;22000
A33;Netz Leipzig GmbH;S4;50000;25000;NSP;2825000;0;75;11.21;408000;40080;138500;1195000;2145000;0;75;11.21;470500;40090;223000;1195000
A33;Netz Leipzig GmbH;S4;50000;25000;MSP;3230000;376250;0;484.83;408000;40080;138500;55000;2595000;304000;0;484.83;470500;40090;223000;55000
A34;Netze BW GmbH;S1;1000;550;NSP;97300;0;107.96;10.42;8160;15580;2770;13200;75700;0;84;10.67;9410;15590;4460;13200
A34;Netze BW GmbH;S1;1000;550;MSP;92600.01;12760;0;546.99;8160;15580;2770;1100;63200;9135.5;0;555.96;9410;15590;4460;1100
A34;Netze BW GmbH;S2;5000;1500;NSP;486500;0;107.96;10.42;40800;17580;13850;66000;378500;0;84;10.67;47050;17590;22300;66000
A34;Netze BW GmbH;S2;5000;1500;MSP;77000;324270;0;546.99;40800;17580;13850;5500;53000;222075;0;555.96;47050;17590;22300;5500
A34;Netze BW GmbH;S3;20000;7000;NSP;1946000;0;107.96;10.42;163200;25080;55400;264000;1514000;0;84;10.67;188200;25090;89200;264000
A34;Netze BW GmbH;S3;20000;7000;MSP;308000;1513260;0;546.99;163200;25080;55400;22000;212000;1036350;0;555.96;188200;25090;89200;22000
A34;Netze BW GmbH;S4;50000;25000;NSP;4865000;0;107.96;10.42;408000;40080;138500;660000;3785000;0;84;10.67;470500;40090;223000;660000
A34;Netze BW GmbH;S4;50000;25000;MSP;4630000;580000;0;546.99;408000;40080;138500;55000;3160000;415250;0;555.96;470500;40090;223000;55000
A35;Netze Duisburg GmbH;S1;1000;550;NSP;83200;0;107;9.06;8160;15580;2770;23900;69400;0;101;9.13;9410;15590;4460;23900
A35;Netze Duisburg GmbH;S1;1000;550;MSP;77000;6946.5;0;397.41;8160;15580;2770;1100;64600;6028;0;400.14;9410;15590;4460;1100
A35;Netze Duisburg GmbH;S2;5000;1500;NSP;416000;0;107;9.06;40800;17580;13850;119500;347000;0;101;9.13;47050;17590;22300;119500
A35;Netze Duisburg GmbH;S2;5000;1500;MSP;88000;241605;0;397.41;40800;17580;13850;5500;76000;201780;0;400.14;47050;17590;22300;5500
A35;Netze Duisburg GmbH;S3;20000;7000;NSP;1664000;0;107;9.06;163200;25080;55400;478000;1388000;0;101;9.13;188200;25090;89200;478000
A35;Netze Duisburg GmbH;S3;20000;7000;MSP;352000;1127490;0;397.41;163200;25080;55400;22000;304000;941640;0;400.14;188200;25090;89200;22000
A35;Netze Duisburg GmbH;S4;50000;25000;NSP;4160000;0;107;9.06;408000;40080;138500;1195000;3470000;0;101;9.13;470500;40090;223000;1195000
A35;Netze Duisburg GmbH;S4;50000;25000;MSP;3850000;315750;0;397.41;408000;40080;138500;55000;3230000;274000;0;400.14;470500;40090;223000;55000
A36;Netze Magdeburg GmbH;S1;1000;550;MSP;91200;2365;0;615;8160;15580;2770;1100;78400;1413.5;0;615;9410;15590;4460;1100
A36;Netze Magdeburg GmbH;S2;5000;1500;MSP;101000;272610;0;615;40800;17580;13850;5500;69000;246240;0;615;47050;17590;22300;5500
A36;Netze Magdeburg GmbH;S3;20000;7000;MSP;404000;1272180;0;615;163200;25080;55400;22000;276000;1149120;0;615;188200;25090;89200;22000
A36;Netze Magdeburg GmbH;S4;50000;25000;MSP;4560000;107500;0;615;408000;40080;138500;55000;3920000;64250;0;615;470500;40090;223000;55000
A37;Netzgesellschaft Düsseldorf mbH;S1;1000;550;MSP;61100;11676.5;0;446.34;8160;15580;2770;1100;45200;8552.5;0;528.96;9410;15590;4460;1100
A37;Netzgesellschaft Düsseldorf mbH;S2;5000;1500;MSP;103000;183765;0;446.34;40800;17580;13850;5500;75000;136740;0;528.96;47050;17590;22300;5500
A37;Netzgesellschaft Düsseldorf mbH;S3;20000;7000;MSP;412000;857570;0;446.34;163200;25080;55400;22000;300000;638120;0;528.96;188200;25090;89200;22000
A37;Netzgesellschaft Düsseldorf mbH;S4;50000;25000;MSP;3055000;530750;0;446.34;408000;40080;138500;55000;2260000;388750;0;528.96;470500;40090;223000;55000
A38;Netzgesellschaft Frankfurt (Oder) mbH;S1;1000;550;NSP;54500;0;50;9.65;8160;15580;2770;15900;52600;0;50;9.65;9410;15590;4460;15900
A38;Netzgesellschaft Frankfurt (Oder) mbH;S1;1000;550;MSP;39600;9328;0;579.54;8160;15580;2770;1100;30900;7276.5;0;579.54;9410;15590;4460;1100
A38;Netzgesellschaft Frankfurt (Oder) mbH;S2;5000;1500;NSP;272500.01;0;50;9.65;40800;17580;13850;79500;263000;0;50;9.65;47050;17590;22300;79500
A38;Netzgesellschaft Frankfurt (Oder) mbH;S2;5000;1500;MSP;72500.01;119325;0;579.54;40800;17580;13850;5500;56500;93465;0;579.54;47050;17590;22300;5500
A38;Netzgesellschaft Frankfurt (Oder) mbH;S3;20000;7000;NSP;1090000;0;50;9.65;163200;25080;55400;318000;1052000;0;50;9.65;188200;25090;89200;318000
A38;Netzgesellschaft Frankfurt (Oder) mbH;S3;20000;7000;MSP;290000;556850;0;579.54;163200;25080;55400;22000;226000;436170;0;579.54;188200;25090;89200;22000
A38;Netzgesellschaft Frankfurt (Oder) mbH;S4;50000;25000;NSP;2725000;0;50;9.65;408000;40080;138500;795000;2630000;0;50;9.65;470500;40090;223000;795000
A38;Netzgesellschaft Frankfurt (Oder) mbH;S4;50000;25000;MSP;1980000;424000;0;579.54;408000;40080;138500;55000;1545000;330750;0;579.54;470500;40090;223000;55000
A39;NEW Netz GmbH;S1;1000;550;MSP;62600;12650;0;489.1;8160;15580;2770;1100;46300;9240;0;489.1;9410;15590;4460;1100
A39;NEW Netz GmbH;S2;5000;1500;MSP;40500;238800;0;489.1;40800;17580;13850;5500;28500;177510;0;489.1;47050;17590;22300;5500
A39;NEW Netz GmbH;S3;20000;7000;MSP;162000;1114400;0;489.1;163200;25080;55400;22000;114000;828380;0;489.1;188200;25090;89200;22000
A39;NEW Netz GmbH;S4;50000;25000;MSP;3130000;575000;0;489.1;408000;40080;138500;55000;2315000;420000;0;489.1;470500;40090;223000;55000
A40;OsthessenNetz GmbH;S1;1000;550;MSP;55700;15372.5;0;612;8160;15580;2770;1100;37500;11022;0;612;9410;15590;4460;1100
A40;OsthessenNetz GmbH;S2;5000;1500;MSP;89500;183765;0;612;40800;17580;13850;5500;69000;118830;0;612;47050;17590;22300;5500
A40;OsthessenNetz GmbH;S3;20000;7000;MSP;358000;857570;0;612;163200;25080;55400;22000;276000;554540;0;612;188200;25090;89200;22000
A40;OsthessenNetz GmbH;S4;50000;25000;MSP;2785000;698750;0;612;408000;40080;138500;55000;1875000;501000;0;612;470500;40090;223000;55000
A41;Regensburg Netz GmbH;S1;1000;550;MSP;50400;9531.5;0;727.68;8160;15580;2770;1100;39100;6572.5;0;727.68;9410;15590;4460;1100
A41;Regensburg Netz GmbH;S1;1000;550;NSP;65300;0;70;12.72;8160;15580;2770;19900;50500;0;70;12.72;9410;15590;4460;19900
A41;Regensburg Netz GmbH;S2;5000;1500;MSP;98500;140940;0;727.68;40800;17580;13850;5500;59000;120270;0;727.68;47050;17590;22300;5500
A41;Regensburg Netz GmbH;S2;5000;1500;NSP;326500;0;70;12.72;40800;17580;13850;99500;252500;0;70;12.72;47050;17590;22300;99500
A41;Regensburg Netz GmbH;S3;20000;7000;MSP;394000;657720;0;727.68;163200;25080;55400;22000;236000;561260;0;727.68;188200;25090;89200;22000
A41;Regensburg Netz GmbH;S3;20000;7000;NSP;1306000;0;70;12.72;163200;25080;55400;398000;1010000;0;70;12.72;188200;25090;89200;398000
A41;Regensburg Netz GmbH;S4;50000;25000;MSP;2520000;433250;0;727.68;408000;40080;138500;55000;1955000;298750;0;727.68;470500;40090;223000;55000
A41;Regensburg Netz GmbH;S4;50000;25000;NSP;3265000;0;70;12.72;408000;40080;138500;995000;2525000;0;70;12.72;470500;40090;223000;995000
A42;Regionetz GmbH;S1;1000;550;MSP;77500.01;11170.5;0;773.8;8160;15580;2770;1100;53400;9476.5;0;773.8;9410;15590;4460;1100
A42;Regionetz GmbH;S2;5000;1500;MSP;61000;275325;0;773.8;40800;17580;13850;5500;76000;169005;0;773.8;47050;17590;22300;5500
A42;Regionetz GmbH;S3;20000;7000;MSP;244000;1284850;0;773.8;163200;25080;55400;22000;304000;788690;0;773.8;188200;25090;89200;22000
A42;Regionetz GmbH;S4;50000;25000;MSP;3875000;507750;0;773.8;408000;40080;138500;55000;2670000;430750;0;773.8;470500;40090;223000;55000
A43;RheinNetz GmbH;S1;1000;550;MSP;53600;13860;0;704.57;8160;15580;2770;1100;45600;11775.5;0;704.57;9410;15590;4460;1100
A43;RheinNetz GmbH;S2;5000;1500;MSP;74000;183315;0;704.57;40800;17580;13850;5500;63000;155760;0;704.57;47050;17590;22300;5500
A43;RheinNetz GmbH;S3;20000;7000;MSP;296000;855470;0;704.57;163200;25080;55400;22000;252000;726880;0;704.57;188200;25090;89200;22000
A43;RheinNetz GmbH;S4;50000;25000;MSP;2680000;630000;0;704.57;408000;40080;138500;55000;2280000;535250;0;704.57;470500;40090;223000;55000
A44;Städtische Werke Lauf a.d. Pegnitz GmbH;S1;1000;550;MSP;88300;18100.5;0;815.52;8160;15580;2770;1100;71300;14613.5;0;815.52;9410;15590;4460;1100
A44;Städtische Werke Lauf a.d. Pegnitz GmbH;S1;1000;550;NSP;74900;0;69.35;17.16;8160;15580;2770;15900;64900;0;69.35;17.16;9410;15590;4460;15900
A44;Städtische Werke Lauf a.d. Pegnitz GmbH;S2;5000;1500;MSP;60000;335430;0;815.52;40800;17580;13850;5500;48500;270990;0;815.52;47050;17590;22300;5500
A44;Städtische Werke Lauf a.d. Pegnitz GmbH;S2;5000;1500;NSP;374500;0;69.35;17.16;40800;17580;13850;79500;324500;0;69.35;17.16;47050;17590;22300;79500
A44;Städtische Werke Lauf a.d. Pegnitz GmbH;S3;20000;7000;MSP;240000;1565340;0;815.52;163200;25080;55400;22000;194000;1264620;0;815.52;188200;25090;89200;22000
A44;Städtische Werke Lauf a.d. Pegnitz GmbH;S3;20000;7000;NSP;1498000;0;69.35;17.16;163200;25080;55400;318000;1298000;0;69.35;17.16;188200;25090;89200;318000
A44;Städtische Werke Lauf a.d. Pegnitz GmbH;S4;50000;25000;MSP;4415000;822750;0;815.52;408000;40080;138500;55000;3565000;664250;0;815.52;470500;40090;223000;55000
A44;Städtische Werke Lauf a.d. Pegnitz GmbH;S4;50000;25000;NSP;3745000;0;69.35;17.16;408000;40080;138500;795000;3245000;0;69.35;17.16;470500;40090;223000;795000
A45;Stadtnetze Münster;S1;1000;550;MSP;77200;5186.5;0;527.16;8160;15580;2770;1100;65100;4378;0;527.16;9410;15590;4460;1100
A45;Stadtnetze Münster;S2;5000;1500;MSP;89500;236715;0;527.16;40800;17580;13850;5500;75500;199665;0;527.16;47050;17590;22300;5500
A45;Stadtnetze Münster;S3;20000;7000;MSP;358000;1104670;0;527.16;163200;25080;55400;22000;302000;931770;0;527.16;188200;25090;89200;22000
A45;Stadtnetze Münster;S4;50000;25000;MSP;3860000;235750;0;527.16;408000;40080;138500;55000;3255000;199000;0;527.16;470500;40090;223000;55000
A46;Stadtwerke Altdorf GmbH;S1;1000;550;NSP;85700;0;100;15.2;8160;15580;2770;13200;79900;0;100;15.2;9410;15590;4460;13200
A46;Stadtwerke Altdorf GmbH;S1;1000;550;MSP;39400;8063;0;951.32;8160;15580;2770;1100;40700;7645;0;951.32;9410;15590;4460;1100
A46;Stadtwerke Altdorf GmbH;S2;5000;1500;NSP;428500;0;100;15.2;40800;17580;13850;66000;399500;0;100;15.2;47050;17590;22300;66000
A46;Stadtwerke Altdorf GmbH;S2;5000;1500;MSP;26500;149625;0;951.32;40800;17580;13850;5500;18500;159645;0;951.32;47050;17590;22300;5500
A46;Stadtwerke Altdorf GmbH;S3;20000;7000;NSP;1714000;0;100;15.2;163200;25080;55400;264000;1598000;0;100;15.2;188200;25090;89200;264000
A46;Stadtwerke Altdorf GmbH;S3;20000;7000;MSP;106000;698250;0;951.32;163200;25080;55400;22000;74000;745010;0;951.32;188200;25090;89200;22000
A46;Stadtwerke Altdorf GmbH;S4;50000;25000;NSP;4285000;0;100;15.2;408000;40080;138500;660000;3995000;0;100;15.2;470500;40090;223000;660000
A46;Stadtwerke Altdorf GmbH;S4;50000;25000;MSP;1970000;366500;0;951.32;408000;40080;138500;55000;2035000;347500;0;951.32;470500;40090;223000;55000
A47;Stadtwerke Bramsche GmbH;S1;1000;550;NSP;94200;0;60;14.75;8160;15580;2770;15900;92100;0;60;14.75;9410;15590;4460;15900
A47;Stadtwerke Bramsche GmbH;S2;5000;1500;NSP;471000;0;60;14.75;40800;17580;13850;79500;460500;0;60;14.75;47050;17590;22300;79500
A47;Stadtwerke Bramsche GmbH;S3;20000;7000;NSP;1884000;0;60;14.75;163200;25080;55400;318000;1842000;0;60;14.75;188200;25090;89200;318000
A47;Stadtwerke Bramsche GmbH;S4;50000;25000;NSP;4710000;0;60;14.75;408000;40080;138500;795000;4605000;0;60;14.75;470500;40090;223000;795000
A48;Stadtwerke Dülmen GmbH;S1;1000;550;MSP;62500.01;10670;0;620;8160;15580;2770;1100;41300;7045.5;0;620;9410;15590;4460;1100
A48;Stadtwerke Dülmen GmbH;S2;5000;1500;MSP;66500;213690;0;620;40800;17580;13850;5500;44000;141120;0;620;47050;17590;22300;5500
A48;Stadtwerke Dülmen GmbH;S3;20000;7000;MSP;266000;997220;0;620;163200;25080;55400;22000;176000;658560;0;620;188200;25090;89200;22000
A48;Stadtwerke Dülmen GmbH;S4;50000;25000;MSP;3125000;485000;0;620;408000;40080;138500;55000;2065000;320250;0;620;470500;40090;223000;55000
A49;Stadtwerke Feuchtwangen;S1;1000;550;NSP;83800;0;60;13.77;8160;15580;2770;13200;82200;0;85;13.77;9410;15590;4460;13200
A49;Stadtwerke Feuchtwangen;S2;5000;1500;NSP;419000;0;60;13.77;40800;17580;13850;66000;411000;0;85;13.77;47050;17590;22300;66000
A49;Stadtwerke Feuchtwangen;S3;20000;7000;NSP;1676000;0;60;13.77;163200;25080;55400;264000;1644000;0;85;13.77;188200;25090;89200;264000
A49;Stadtwerke Feuchtwangen;S4;50000;25000;NSP;4190000;0;60;13.77;408000;40080;138500;660000;4110000;0;85;13.77;470500;40090;223000;660000
A50;Stadtwerke Hof Energie+Wasser GmbH;S1;1000;550;MSP;39700;12347.5;0;1106.2;8160;15580;2770;1100;35000;11836;0;1114.7;9410;15590;4460;1100
A50;Stadtwerke Hof Energie+Wasser GmbH;S2;5000;1500;MSP;82500;121185;0;1106.2;40800;17580;13850;5500;85000;99825;0;1114.7;47050;17590;22300;5500
A50;Stadtwerke Hof Energie+Wasser GmbH;S3;20000;7000;MSP;330000;565530;0;1106.2;163200;25080;55400;22000;340000;465850;0;1114.7;188200;25090;89200;22000
A50;Stadtwerke Hof Energie+Wasser GmbH;S4;50000;25000;MSP;1985000;561250;0;1106.2;408000;40080;138500;55000;1750000;538000;0;1114.7;470500;40090;223000;55000
A51;Stadtwerke Iserlohn GmbH;S1;1000;550;MSP;66300;15097.5;0;586.6;8160;15580;2770;1100;63300;6165.5;0;588.72;9410;15590;4460;1100
A51;Stadtwerke Iserlohn GmbH;S1;1000;550;NSP;84000;0;70;8.87;8160;15580;2770;15900;66200;0;70;8.87;9410;15590;4460;15900
A51;Stadtwerke Iserlohn GmbH;S2;5000;1500;MSP;80000;231975;0;586.6;40800;17580;13850;5500;45000;220440;0;588.72;47050;17590;22300;5500
A51;Stadtwerke Iserlohn GmbH;S2;5000;1500;NSP;420000;0;70;8.87;40800;17580;13850;79500;331000;0;70;8.87;47050;17590;22300;79500
A51;Stadtwerke Iserlohn GmbH;S3;20000;7000;MSP;320000;1082550;0;586.6;163200;25080;55400;22000;180000;1028720;0;588.72;188200;25090;89200;22000
A51;Stadtwerke Iserlohn GmbH;S3;20000;7000;NSP;1680000;0;70;8.87;163200;25080;55400;318000;1324000;0;70;8.87;188200;25090;89200;318000
A51;Stadtwerke Iserlohn GmbH;S4;50000;25000;MSP;3315000;686250;0;586.6;408000;40080;138500;55000;3165000;280250;0;588.72;470500;40090;223000;55000
A51;Stadtwerke Iserlohn GmbH;S4;50000;25000;NSP;4200000;0;70;8.87;408000;40080;138500;795000;3310000;0;70;8.87;470500;40090;223000;795000
A52;Stadtwerke Marburg GmbH;S1;1000;550;MSP;64700;16186.5;0;545;8160;15580;2770;1100;47000;11742.5;0;545;9410;15590;4460;1100
A52;Stadtwerke Marburg GmbH;S2;5000;1500;MSP;141000;181155;0;545;40800;17580;13850;5500;102500;131400;0;545;47050;17590;22300;5500
A52;Stadtwerke Marburg GmbH;S3;20000;7000;MSP;564000;845390;0;545;163200;25080;55400;22000;410000;613200;0;545;188200;25090;89200;22000
A52;Stadtwerke Marburg GmbH;S4;50000;25000;MSP;3235000;735750;0;545;408000;40080;138500;55000;2350000;533750;0;545;470500;40090;223000;55000
A53;Stadtwerke Neustadt a.d. Donau;S1;1000;550;MSP;79400;11385;0;980;8160;15580;2770;1100;57600;10257.5;0;980;9410;15590;4460;1100
A53;Stadtwerke Neustadt a.d. Donau;S2;5000;1500;MSP;24000;310875;0;980;40800;17580;13850;5500;71500;190650;0;980;47050;17590;22300;5500
A53;Stadtwerke Neustadt a.d. Donau;S3;20000;7000;MSP;96000;1450750;0;980;163200;25080;55400;22000;286000;889700;0;980;188200;25090;89200;22000
A53;Stadtwerke Neustadt a.d. Donau;S4;50000;25000;MSP;3970000;517500;0;980;408000;40080;138500;55000;2880000;466250;0;980;470500;40090;223000;55000
A54;Stadtwerke Pfarrkirchen;S1;1000;550;MSP;79500;3954.5;0;404.42;8160;15580;2770;1100;56100;2788.5;0;404.42;9410;15590;4460;1100
A54;Stadtwerke Pfarrkirchen;S2;5000;1500;MSP;15000;297735;0;404.42;40800;17580;13850;5500;10500;210015;0;404.42;47050;17590;22300;5500
A54;Stadtwerke Pfarrkirchen;S3;20000;7000;MSP;60000;1389430;0;404.42;163200;25080;55400;22000;42000;980070;0;404.42;188200;25090;89200;22000
A54;Stadtwerke Pfarrkirchen;S4;50000;25000;MSP;3975000;179750;0;404.42;408000;40080;138500;55000;2805000;126750;0;404.42;470500;40090;223000;55000
A55;Stadtwerke Roth;S1;1000;550;MSP;75500;11665.5;0;985;8160;15580;2770;1100;82000;12666.5;0;985;9410;15590;4460;1100
A55;Stadtwerke Roth;S2;5000;1500;MSP;44000;282075;0;985;40800;17580;13850;5500;48000;306225;0;985;47050;17590;22300;5500
A55;Stadtwerke Roth;S3;20000;7000;MSP;176000;1316350;0;985;163200;25080;55400;22000;192000;1429050;0;985;188200;25090;89200;22000
A55;Stadtwerke Roth;S4;50000;25000;MSP;3775000;530250;0;985;408000;40080;138500;55000;4100000;575750;0;985;470500;40090;223000;55000
A56;Stadtwerke Röthenbach a.d. Pegnitz GmbH;S1;1000;550;NSP;125100;0;0;13.3;8160;15580;2770;13200;129600;0;0;13.3;9410;15590;4460;13200
A56;Stadtwerke Röthenbach a.d. Pegnitz GmbH;S2;5000;1500;NSP;625500;0;0;13.3;40800;17580;13850;66000;648000;0;0;13.3;47050;17590;22300;66000
A56;Stadtwerke Röthenbach a.d. Pegnitz GmbH;S3;20000;7000;NSP;2502000;0;0;13.3;163200;25080;55400;264000;2592000;0;0;13.3;188200;25090;89200;264000
A56;Stadtwerke Röthenbach a.d. Pegnitz GmbH;S4;50000;25000;NSP;6255000;0;0;13.3;408000;40080;138500;660000;6480000;0;0;13.3;470500;40090;223000;660000
A57;Stadtwerke Schlitz;S1;1000;550;MSP;79300;16423;0;696;8160;15580;2770;1100;93900;18865;0;696;9410;15590;4460;1100
A57;Stadtwerke Schlitz;S2;5000;1500;MSP;56000;300195;0;696;40800;17580;13850;5500;59000;359160;0;696;47050;17590;22300;5500
A57;Stadtwerke Schlitz;S3;20000;7000;MSP;224000;1400910;0;696;163200;25080;55400;22000;236000;1676080;0;696;188200;25090;89200;22000
A57;Stadtwerke Schlitz;S4;50000;25000;MSP;3965000;746500;0;696;408000;40080;138500;55000;4695000;857500;0;696;470500;40090;223000;55000
A58;Stadtwerke Schwabach GmbH;S1;1000;550;MSP;80600;10351;0;870;8160;15580;2770;1100;71900;9278.5;0;870;9410;15590;4460;1100
A58;Stadtwerke Schwabach GmbH;S1;1000;550;NSP;90900;0;60;14;8160;15580;2770;15900;78300;0;60;14;9410;15590;4460;15900
A58;Stadtwerke Schwabach GmbH;S2;5000;1500;MSP;39000;301275;0;870;40800;17580;13850;5500;35500;268125;0;870;47050;17590;22300;5500
A58;Stadtwerke Schwabach GmbH;S2;5000;1500;NSP;454500;0;60;14;40800;17580;13850;79500;391500;0;60;14;47050;17590;22300;79500
A58;Stadtwerke Schwabach GmbH;S3;20000;7000;MSP;156000;1405950;0;870;163200;25080;55400;22000;142000;1251250;0;870;188200;25090;89200;22000
A58;Stadtwerke Schwabach GmbH;S3;20000;7000;NSP;1818000;0;60;14;163200;25080;55400;318000;1566000;0;60;14;188200;25090;89200;318000
A58;Stadtwerke Schwabach GmbH;S4;50000;25000;MSP;4030000;470500;0;870;408000;40080;138500;55000;3595000;421750;0;870;470500;40090;223000;55000
A58;Stadtwerke Schwabach GmbH;S4;50000;25000;NSP;4545000;0;60;14;408000;40080;138500;795000;3915000;0;60;14;470500;40090;223000;795000
A59;Stadtwerke Sindelfingen GmbH;S1;1000;550;NSP;73700;0;90;9.75;8160;15580;2770;15900;55100;0;90;9.75;9410;15590;4460;15900
A59;Stadtwerke Sindelfingen GmbH;S2;5000;1500;NSP;368500;0;90;9.75;40800;17580;13850;79500;275500;0;90;9.75;47050;17590;22300;79500
A59;Stadtwerke Sindelfingen GmbH;S3;20000;7000;NSP;1474000;0;90;9.75;163200;25080;55400;318000;1102000;0;90;9.75;188200;25090;89200;318000
A59;Stadtwerke Sindelfingen GmbH;S4;50000;25000;NSP;3685000;0;90;9.75;408000;40080;138500;795000;2755000;0;90;9.75;470500;40090;223000;795000
A60;Stadtwerke Treuchtlingen KU;S1;1000;550;MSP;71500;6083;0;588;8160;15580;2770;1100;64800;5808;0;588;9410;15590;4460;1100
A60;Stadtwerke Treuchtlingen KU;S2;5000;1500;MSP;45000;251115;0;588;40800;17580;13850;5500;49500;221580;0;588;47050;17590;22300;5500
A60;Stadtwerke Treuchtlingen KU;S3;20000;7000;MSP;180000;1171870;0;588;163200;25080;55400;22000;198000;1034040;0;588;188200;25090;89200;22000
A60;Stadtwerke Treuchtlingen KU;S4;50000;25000;MSP;3575000;276500;0;588;408000;40080;138500;55000;3240000;264000;0;588;470500;40090;223000;55000
A61;Stadtwerke Werl GmbH;S1;1000;550;MSP;74700;16571.5;0;857.2;8160;15580;2770;1100;52300;8349;0;857.2;9410;15590;4460;1100
A61;Stadtwerke Werl GmbH;S2;5000;1500;MSP;67500;274695;0;857.2;40800;17580;13850;5500;5000;215145;0;857.2;47050;17590;22300;5500
A61;Stadtwerke Werl GmbH;S3;20000;7000;MSP;270000;1281910;0;857.2;163200;25080;55400;22000;20000;1004010;0;857.2;188200;25090;89200;22000
A61;Stadtwerke Werl GmbH;S4;50000;25000;MSP;3735000;753250;0;857.2;408000;40080;138500;55000;2615000;379500;0;857.2;470500;40090;223000;55000
A62;Stadtwerke Witten Mittelspannungsnetz GmbH;S1;1000;550;MSP;87800;9619.5;0;809.09;8160;15580;2770;1100;54400;6088.5;0;809.09;9410;15590;4460;1100
A62;Stadtwerke Witten Mittelspannungsnetz GmbH;S2;5000;1500;MSP;90500;287610;0;809.09;40800;17580;13850;5500;59000;176355;0;809.09;47050;17590;22300;5500
A62;Stadtwerke Witten Mittelspannungsnetz GmbH;S3;20000;7000;MSP;362000;1342180;0;809.09;163200;25080;55400;22000;236000;822990;0;809.09;188200;25090;89200;22000
A62;Stadtwerke Witten Mittelspannungsnetz GmbH;S4;50000;25000;MSP;4390000;437250;0;809.09;408000;40080;138500;55000;2720000;276750;0;809.09;470500;40090;223000;55000
A63;Stromnetz Berlin GmbH;S1;1000;550;MSP;63600;4114;0;517.27;8160;15580;2770;1100;41900;2827;0;493.49;9410;15590;4460;1100
A63;Stromnetz Berlin GmbH;S2;5000;1500;MSP;165500;125745;0;517.27;40800;17580;13850;5500;117500;76695;0;493.49;47050;17590;22300;5500
A63;Stromnetz Berlin GmbH;S3;20000;7000;MSP;662000;586810;0;517.27;163200;25080;55400;22000;470000;357910;0;493.49;188200;25090;89200;22000
A63;Stromnetz Berlin GmbH;S4;50000;25000;MSP;3180000;187000;0;517.27;408000;40080;138500;55000;2095000;128500;0;493.49;470500;40090;223000;55000
A64;Stromnetz Weiden i.d.OPf. GmbH & Co. KG;S1;1000;550;MSP;71700;5109.5;0;516;8160;15580;2770;1100;47900;3388;0;516;9410;15590;4460;1100
A64;Stromnetz Weiden i.d.OPf. GmbH & Co. KG;S2;5000;1500;MSP;35000;256785;0;516;40800;17580;13850;5500;22500;171930;0;516;47050;17590;22300;5500
A64;Stromnetz Weiden i.d.OPf. GmbH & Co. KG;S3;20000;7000;MSP;140000;1198330;0;516;163200;25080;55400;22000;90000;802340;0;516;188200;25090;89200;22000
A64;Stromnetz Weiden i.d.OPf. GmbH & Co. KG;S4;50000;25000;MSP;3585000;232250;0;516;408000;40080;138500;55000;2395000;154000;0;516;470500;40090;223000;55000
A65;Stromnetzgesellschaft Herrenberg mbH & Co. KG;S1;1000;550;NSP;66900;0;100;9.63;8160;15580;2770;15900;58400;0;100;9.42;9410;15590;4460;15900
A65;Stromnetzgesellschaft Herrenberg mbH & Co. KG;S2;5000;1500;NSP;334500;0;100;9.63;40800;17580;13850;79500;292000;0;100;9.42;47050;17590;22300;79500
A65;Stromnetzgesellschaft Herrenberg mbH & Co. KG;S3;20000;7000;NSP;1338000;0;100;9.63;163200;25080;55400;318000;1168000;0;100;9.42;188200;25090;89200;318000
A65;Stromnetzgesellschaft Herrenberg mbH & Co. KG;S4;50000;25000;NSP;3345000;0;100;9.63;408000;40080;138500;795000;2920000;0;100;9.42;470500;40090;223000;795000
A66;SWL Verteilungsnetzgesellschaft mbH;S1;1000;550;MSP;101300;21906.5;0;660.28;8160;15580;2770;1100;79900;12655.5;0;660.28;9410;15590;4460;1100
A66;SWL Verteilungsnetzgesellschaft mbH;S2;5000;1500;MSP;140000;334620;0;660.28;40800;17580;13850;5500;39000;304890;0;660.28;47050;17590;22300;5500
A66;SWL Verteilungsnetzgesellschaft mbH;S3;20000;7000;MSP;560000;1561560;0;660.28;163200;25080;55400;22000;156000;1422820;0;660.28;188200;25090;89200;22000
A66;SWL Verteilungsnetzgesellschaft mbH;S4;50000;25000;MSP;5065000;995750;0;660.28;408000;40080;138500;55000;3995000;575250;0;660.28;470500;40090;223000;55000
A67;SWM Infrastruktur GmbH & Co. KG;S1;1000;550;MSP;66200;11979;0;569.9;8160;15580;2770;1100;49500;8734;0;602;9410;15590;4460;1100
A67;SWM Infrastruktur GmbH & Co. KG;S2;5000;1500;MSP;24500;262680;0;569.9;40800;17580;13850;5500;15000;198195;0;602;47050;17590;22300;5500
A67;SWM Infrastruktur GmbH & Co. KG;S3;20000;7000;MSP;98000;1225840;0;569.9;163200;25080;55400;22000;60000;924910;0;602;188200;25090;89200;22000
A67;SWM Infrastruktur GmbH & Co. KG;S4;50000;25000;MSP;3310000;544500;0;569.9;408000;40080;138500;55000;2475000;397000;0;602;470500;40090;223000;55000
A68;SWO Netz GmbH;S1;1000;550;NSP;82600;0;45;11.25;8160;15580;2770;1100;78500;0;55;11.25;9410;15590;4460;1100
A68;SWO Netz GmbH;S2;5000;1500;NSP;413000;0;45;11.25;40800;17580;13850;5500;392500;0;55;11.25;47050;17590;22300;5500
A68;SWO Netz GmbH;S3;20000;7000;NSP;1652000;0;45;11.25;163200;25080;55400;22000;1570000;0;55;11.25;188200;25090;89200;22000
A68;SWO Netz GmbH;S4;50000;25000;NSP;4130000;0;45;11.25;408000;40080;138500;55000;3925000;0;55;11.25;470500;40090;223000;55000
A69;SWR Energie GmbH & Co. KG;S1;1000;550;MSP;84600;9608.5;0;650;8160;15580;2770;1100;53700;10411.5;0;650;9410;15590;4460;1100
A69;SWR Energie GmbH & Co. KG;S2;5000;1500;MSP;127000;248325;0;650;40800;17580;13850;5500;69000;177780;0;650;47050;17590;22300;5500
A69;SWR Energie GmbH & Co. KG;S3;20000;7000;MSP;508000;1158850;0;650;163200;25080;55400;22000;276000;829640;0;650;188200;25090;89200;22000
A69;SWR Energie GmbH & Co. KG;S4;50000;25000;MSP;4230000;436750;0;650;408000;40080;138500;55000;2685000;473250;0;650;470500;40090;223000;55000
A70;TEN Thüringer Energienetze GmbH & Co. KG;S1;1000;550;MSP;67500.01;21070.5;0;745.09;8160;15580;2770;1100;52200;14663;0;745.09;9410;15590;4460;1100
A70;TEN Thüringer Energienetze GmbH & Co. KG;S2;5000;1500;MSP;53000;270840;0;745.09;40800;17580;13850;5500;26500;215580;0;745.09;47050;17590;22300;5500
A70;TEN Thüringer Energienetze GmbH & Co. KG;S3;20000;7000;MSP;212000;1263920;0;745.09;163200;25080;55400;22000;106000;1006040;0;745.09;188200;25090;89200;22000
A70;TEN Thüringer Energienetze GmbH & Co. KG;S4;50000;25000;MSP;3375000;957750;0;745.09;408000;40080;138500;55000;2610000;666500;0;745.09;470500;40090;223000;55000
A71;Teutoburger Energie Netzwerk eG (TEN eG);S1;1000;550;NSP;104900;0;90;15;8160;15580;2770;13200;69200;0;90;15;9410;15590;4460;13200
A71;Teutoburger Energie Netzwerk eG (TEN eG);S1;1000;550;MSP;72200;15273.5;0;395.28;8160;15580;2770;1100;45500;10098;0;395.28;9410;15590;4460;1100
A71;Teutoburger Energie Netzwerk eG (TEN eG);S2;5000;1500;NSP;524500;0;90;15;40800;17580;13850;66000;346000;0;90;15;47050;17590;22300;66000
A71;Teutoburger Energie Netzwerk eG (TEN eG);S2;5000;1500;MSP;55500;270825;0;395.28;40800;17580;13850;5500;41000;167460;0;395.28;47050;17590;22300;5500
A71;Teutoburger Energie Netzwerk eG (TEN eG);S3;20000;7000;NSP;2098000;0;90;15;163200;25080;55400;264000;1384000;0;90;15;188200;25090;89200;264000
A71;Teutoburger Energie Netzwerk eG (TEN eG);S3;20000;7000;MSP;222000;1263850;0;395.28;163200;25080;55400;22000;164000;781480;0;395.28;188200;25090;89200;22000
A71;Teutoburger Energie Netzwerk eG (TEN eG);S4;50000;25000;NSP;5245000;0;90;15;408000;40080;138500;660000;3460000;0;90;15;470500;40090;223000;660000
A71;Teutoburger Energie Netzwerk eG (TEN eG);S4;50000;25000;MSP;3610000;694250;0;395.28;408000;40080;138500;55000;2275000;459000;0;395.28;470500;40090;223000;55000
A72;Überlandwerk Mittelbaden GmbH & Co. KG;S1;1000;550;MSP;81400;10175;0;390.68;8160;15580;2770;1100;56400;7865;0;444.5;9410;15590;4460;1100
A72;Überlandwerk Mittelbaden GmbH & Co. KG;S2;5000;1500;MSP;91500;264570;0;390.68;40800;17580;13850;5500;83500;170295;0;444.5;47050;17590;22300;5500
A72;Überlandwerk Mittelbaden GmbH & Co. KG;S3;20000;7000;MSP;366000;1234660;0;390.68;163200;25080;55400;22000;334000;794710;0;444.5;188200;25090;89200;22000
A72;Überlandwerk Mittelbaden GmbH & Co. KG;S4;50000;25000;MSP;4070000;462500;0;390.68;408000;40080;138500;55000;2820000;357500;0;444.5;470500;40090;223000;55000
A73;Überlandzentrale Wörth/I. - Altheim Netz AG;S1;1000;550;NSP;62700;0;98;12.3;8160;15580;2770;13200;45800;0;98;12.3;9410;15590;4460;13200
A73;Überlandzentrale Wörth/I. - Altheim Netz AG;S2;5000;1500;NSP;313500;0;98;12.3;40800;17580;13850;66000;229000;0;98;12.3;47050;17590;22300;66000
A73;Überlandzentrale Wörth/I. - Altheim Netz AG;S3;20000;7000;NSP;1254000;0;98;12.3;163200;25080;55400;264000;916000;0;98;12.3;188200;25090;89200;264000
A73;Überlandzentrale Wörth/I. - Altheim Netz AG;S4;50000;25000;NSP;3135000;0;98;12.3;408000;40080;138500;660000;2290000;0;98;12.3;470500;40090;223000;660000
A74;Verteilnetz Plauen GmbH;S1;1000;550;MSP;46400;29491;0;465;8160;15580;2770;1100;32000;21527;0;465;9410;15590;4460;1100
A74;Verteilnetz Plauen GmbH;S2;5000;1500;MSP;79000;195180;0;465;40800;17580;13850;5500;61000;132960;0;465;47050;17590;22300;5500
A74;Verteilnetz Plauen GmbH;S3;20000;7000;MSP;316000;910840;0;465;163200;25080;55400;22000;244000;620480;0;465;188200;25090;89200;22000
A74;Verteilnetz Plauen GmbH;S4;50000;25000;MSP;2320000;1340500;0;465;408000;40080;138500;55000;1600000;978500;0;465;470500;40090;223000;55000
A75;WEMAG Netz GmbH;S1;1000;550;MSP;50400;13849;0;858.96;8160;15580;2770;1100;38700;10648;0;858.96;9410;15590;4460;1100
A75;WEMAG Netz GmbH;S2;5000;1500;MSP;80500;166305;0;858.96;40800;17580;13850;5500;62000;127860;0;858.96;47050;17590;22300;5500
A75;WEMAG Netz GmbH;S3;20000;7000;MSP;322000;776090;0;858.96;163200;25080;55400;22000;248000;596680;0;858.96;188200;25090;89200;22000
A75;WEMAG Netz GmbH;S4;50000;25000;MSP;2520000;629500;0;858.96;408000;40080;138500;55000;1935000;484000;0;858.96;470500;40090;223000;55000
A76;Werraenergie GmbH;S1;1000;550;MSP;84500.01;12028.5;0;600;8160;15580;2770;1100;72800;11489.5;0;600;9410;15590;4460;1100
A76;Werraenergie GmbH;S2;5000;1500;MSP;32000;325680;0;600;40800;17580;13850;5500;46500;269340;0;600;47050;17590;22300;5500
A76;Werraenergie GmbH;S3;20000;7000;MSP;128000;1519840;0;600;163200;25080;55400;22000;186000;1256920;0;600;188200;25090;89200;22000
A76;Werraenergie GmbH;S4;50000;25000;MSP;4225000;546750;0;600;408000;40080;138500;55000;3640000;522250;0;600;470500;40090;223000;55000
A77;wesernetz Bremen GmbH;S1;1000;550;MSP;67000;6242.5;0;560;8160;15580;2770;1100;52000;5692.5;0;600;9410;15590;4460;1100
A77;wesernetz Bremen GmbH;S2;5000;1500;MSP;54000;227565;0;560;40800;17580;13850;5500;67500;159750;0;600;47050;17590;22300;5500
A77;wesernetz Bremen GmbH;S3;20000;7000;MSP;216000;1061970;0;560;163200;25080;55400;22000;270000;745500;0;600;188200;25090;89200;22000
A77;wesernetz Bremen GmbH;S4;50000;25000;MSP;3350000;283750;0;560;408000;40080;138500;55000;2600000;258750;0;600;470500;40090;223000;55000
A78;Westnetz GmbH;S1;1000;550;MSP;71000;11566.5;0;571.28;8160;15580;2770;1100;57100;9251;0;578.03;9410;15590;4460;1100
A78;Westnetz GmbH;S1;1000;550;NSP;99800;0;80.3;13.04;8160;15580;2770;13200;95300;0;80.3;13.05;9410;15590;4460;13200
A78;Westnetz GmbH;S2;5000;1500;MSP;65000;249045;0;571.28;40800;17580;13850;5500;50500;201480;0;578.03;47050;17590;22300;5500
A78;Westnetz GmbH;S2;5000;1500;NSP;499000;0;80.3;13.04;40800;17580;13850;66000;476500;0;80.3;13.05;47050;17590;22300;66000
A78;Westnetz GmbH;S3;20000;7000;MSP;260000;1162210;0;571.28;163200;25080;55400;22000;202000;940240;0;578.03;188200;25090;89200;22000
A78;Westnetz GmbH;S3;20000;7000;NSP;1996000;0;80.3;13.04;163200;25080;55400;264000;1906000;0;80.3;13.05;188200;25090;89200;264000
A78;Westnetz GmbH;S4;50000;25000;MSP;3550000;525750;0;571.28;408000;40080;138500;55000;2855000;420500;0;578.03;470500;40090;223000;55000
A78;Westnetz GmbH;S4;50000;25000;NSP;4990000;0;80.3;13.04;408000;40080;138500;660000;4765000;0;80.3;13.05;470500;40090;223000;660000
A79;WSW Netz GmbH;S1;1000;550;NSP;93700;0;64.9;9.24;8160;15580;2770;19900;64000;0;64.9;9.24;9410;15590;4460;19900
A79;WSW Netz GmbH;S1;1000;550;MSP;79000;9163;0;1115.4;8160;15580;2770;1100;51600;5984;0;1115.4;9410;15590;4460;1100
A79;WSW Netz GmbH;S2;5000;1500;NSP;468500;0;64.9;9.24;40800;17580;13850;99500;320000;0;64.9;9.24;47050;17590;22300;99500
A79;WSW Netz GmbH;S2;5000;1500;MSP;19000;307050;0;1115.4;40800;17580;13850;5500;12500;200520;0;1115.4;47050;17590;22300;5500
A79;WSW Netz GmbH;S3;20000;7000;NSP;1874000;0;64.9;9.24;163200;25080;55400;398000;1280000;0;64.9;9.24;188200;25090;89200;398000
A79;WSW Netz GmbH;S3;20000;7000;MSP;76000;1432900;0;1115.4;163200;25080;55400;22000;50000;935760;0;1115.4;188200;25090;89200;22000
A79;WSW Netz GmbH;S4;50000;25000;NSP;4685000;0;64.9;9.24;408000;40080;138500;995000;3200000;0;64.9;9.24;470500;40090;223000;995000
A79;WSW Netz GmbH;S4;50000;25000;MSP;3950000;416500;0;1115.4;408000;40080;138500;55000;2580000;272000;0;1115.4;470500;40090;223000;55000
